,0,1,2,3,4,5,6,7,8,9,10,11,12,13,14,15,16,17,18,19,20,21,22,23,24,25,26,27,28,29,30,31,32,33,34,35,36,37,38,39,40,41,42,43,44,45,46,47,48,49,50,51,52,53,54,55,56,57,58,59,60,61,62,63,64,65,66,67,68,69,70,71,72,73,74,75,76,77,78,79,80,81,82,83,84,85,86,87,88,89,90,91,92,93,94,95,96,97,98,99,100,101,102,103,104,105,106,107,108,109,110,111,112,113,114,115,116,117,118,119,120,121,122,123,124,125,126,127,128,129,130,131,132,133,134,135,136,137,138,139,140,141,142,143,144,145,146,147,148,149,150,151,152,153,154,155,156,157,158,159
0,15,32,2,,,,,11,,,,,,,,,,,,,,,,,,,,,,,,,,,,,,,,,,,,,,,,,,,,,,,,,,,27,,,,,,,,,,,,,6,,,61,18,32,3,28,14,13,21,4,36,3,44,36,10,5,17,36,20,7,3,34,43,8,9,2,12,47,9,12,4,28,1,36,1,9,5,21,1,17,5,7,13,11,23,36,11,6,17,16,17,14,1,1,16,22,1,14,41,22,3,1,36,12,1,1,19,11,15,24,8,1,38.5,16,23,8,36,36,9,1,17,1,36,1,2,36,36
1,14,33,3,,,,,12,,,,,,,,,,,,,,,,,,,,,,,,,,,,,,,,,,,,,,,,,,,,,,,,,,,27,,,,,,,,,,,,,7,,,60,19,33,59,29,15,14,22,5,36,4,45,36,11,6,18,36,21,8,4,33,42,9,10,5,13,46,10,13,5,29,2,36,2,10,6,22,6,18,6,8,14,12,24,36,12,7,18,15,18,15,2,2,17,22,2,15,42,23,4,2,36,13,2,2,18,12,16,25,9,2,38.5,15,24,9,36,36,10,2,18,2,36,2,53,36,36
2,13,34,4,,,,,13,,,,,,,,,,,,,,,,,,,,,,,,,,,,,,,,,,,,,,,,,,,,,,,,,,,27,,,,,,,,,,,,,8,,,59,20,34,60,30,16,15,23,6,36,5,46,36,12,7,19,36,22,9,5,32,41,10,11,15,14,45,11,14,6,30,3,36,3,11,7,23,13,19,7,9,15,13,25,36,13,8,19,14,19,16,3,3,18,22,3,16,43,24,5,3,36,14,3,3,17,13,17,26,10,3,38.5,14,25,10,36,36,11,3,19,3,36,3,53,36,36
3,53,57,46,,,,,6,,,,,,,,,,,,,,,,,,,,,,,,,,,,,,,,,,,,,,,,,,,,,,,,,,,45.5,,,,,,,,,,,,,28,,,58,26,7,61,21,30,4,24,43,36,49,42,36,70,59,20,36,23,10,63,4,30,41,20,3,36,1,37,15,65,10,70,36,66,70,10,27,49,69,26,63,11,6,33,36,4,4,14,49,70,22,45,60,66,24,66,68,44,54,54,50,36,27,25,51,35,65,18,62,44,60,38.5,28,26,62,36,36,8,58,70,63,36,31,4,36,36
4,17,2,5,,,,,14,,,,,,,,,,,,,,,,,,,,,,,,,,,,,,,,,,,,,,,,,,,,,,,,,,,4,,,,,,,,,,,,,26,,,57,21,3,69,3,31,20,4,36,36,1,2,36,19,60,21.5,36,18,11,6,36,13,3,43,62,20,12,29,16,3,1,46,36,39,6,46,1,5,22,4,42,48,7,32,36,41,5,1,3,20,23,4,62,14,13.5,28,32,45,28,1,12,36,6,26,32,8,43,19,32,26,37,38.5,31,30,24,36,36,22,59,22,14,36,32,15,36,36
5,25,1,1,,,,,15,,,,,,,,,,,,,,,,,,,,,,,,,,,,,,,,,,,,,,,,,,,,,,,,,,,35.5,,,,,,,,,,,,,27,,,4,22,4,26,1,32,3,5,37,36,2,1,36,20,61,14,36,19,12,7,35,11,4,44,63,10,4,12,17,2,2,47,36,56,8,47,2,7,23,3,1,47,8,27,36,40,3,2,2,21,24,10,61,15,13.5,71,13,46,27,2,11,36,1,4,50,6,42,20,33,27,24,38.5,5,32,25,36,36,23,60,23,15,36,33,3,36,36
6,56,3,30,,,,,3,,,,,,,,,,,,,,,,,,,,,,,,,,,,,,,,,,,,,,,,,,,,,,,,,,,45.5,,,,,,,,,,,,,64,,,12,23,28,57,31,67,18,36,62,36,50,58,36,18,4,23.5,36,68,13,8,38,16,41,31,68,33,49,30,1,64,51,48,36,68,67,1,4,60,14,8,66,65,47,6,36,6,71,67,1,65,1,42,16,65,61.5,47,48,47,55,63,46,36,44,46,48,36,67,21,13,67,58,38.5,59,68,63,36,36,5,61,3,30,36,34,25,36,36
7,55,13,31,,,,,2,,,,,,,,,,,,,,,,,,,,,,,,,,,,,,,,,,,,,,,,,,,,,,,,,,,45.5,,,,,,,,,,,,,65,,,13,24,29,58,32,66,19,37,63,36,51,59,36,17,3,25.5,36,69,14,9,37,17,41,32,69,34,50,31,2,63,51,49,36,67,66,2,5,61,15,9,67,66,48,7,36,7,70,66,12,66,2,43.5,17,64,61.5,48,49,48,56,62,47,36,45,47,49,37,68,22,14,68,59,38.5,60,67,64,36,36,4,62,4,31,36,35,53,36,36
8,52,56,20,,,,,1,,,,,,,,,,,,,,,,,,,,,,,,,,,,,,,,,,,,,,,,,,,,,,,,,,,68,,,,,,,,,,,,,66,,,14,25,13,39,33,65,17,3,11,36,12,60,36,15,1,27.5,36,70,15,1,15,18,41,30,20,24,51,32,61,14.5,51,17,36,13,60,3,3,62,13,10,49,67,46,8,36,3,57,21,30,67,3,20,15,2,61.5,4,33,49,45,61,45,36,47,48,7,38,33,23,34,69,4,38.5,41,66,65,36,36,3,63,1,32,36,16,26,36,36
9,62,58,21,,,,,5,,,,,,,,,,,,,,,,,,,,,,,,,,,,,,,,,,,,,,,,,,,,,,,,,,,24.5,,,,,,,,,,,,,63,,,7,27,35,13,15,69,16,20,2,36,13,13,36,69,62,29.5,36,71,16,49,14,70,2,34,10,25,48,33,62,7,51,71,36,51,63,8,12,50,11,2,59,71,4,28,36,53,55,20,11,68,21,11,59,3,20,14,12,50,57,20,49,36,48,28,8,39,35,45,35,70,5,38.5,35,62,66,36,36,1,64,63,33,36,17,10,36,36
10,5,59,16,,,,,43,,,,,,,,,,,,,,,,,,,,,,,,,,,,,,,,,,,,,,,,,,,,,,,,,,,39.5,,,,,,,,,,,,,49,,,15,12,36,24,16,19,21,6,20,36,6,63,36,40,51,31.5,36,24,17,19,8,48,41,38,29,42,8,50,56,23,6,12,36,21,2,22,7,45,26,48,11,27,10,59,36,22,21,10,27,60,25,16,31,10,27,42,50,51,34,60,13,36,65,49,11,40,22,7,36,38,16,2,36,6,67,36,36,33,9.5,24,16,36,18,27,36,36
11,6,60,17,,,,,44,,,,,,,,,,,,,,,,,,,,,,,,,,,,,,,,,,,,,,,,,,,,,,,,,,,39.5,,,,,,,,,,,,,50,,,16,13,37,49,17,20,22,7,21,36,7,64,36,41,52,33,36,25,18,20,9,47,41,39,30,43,9,51,57,22,7,13,36,22,3,23,8,44,27,49,12,28,19,60,36,23,22,11,28,61,26,17,32,11,27,43,51,52,33,59,14,36,66,50,12,41,23,8,37,39,17,3,37,7,68,36,36,34,11.5,25,17,36,19,53,36,36
12,9,61,18,,,,,45,,,,,,,,,,,,,,,,,,,,,,,,,,,,,,,,,,,,,,,,,,,,,,,,,,,70,,,,,,,,,,,,,51,,,17,14,38,64,18,21,23,8,22,36,8,65,36,42,53,34,36,26,19,21,10,46,41,40,31,44,10,52,58,21,8,14,36,23,4,24,9,43,28,50,13,29,20,61,36,24,23,12,29,62,27,18,33,12,27,44,52,53,32,58,15,36,67,51,13,42,24,9,38,40,18,4,38,8,69,36,36,35,13.5,26,18,36,20,53,36,36
13,10,62,19,,,,,46,,,,,,,,,,,,,,,,,,,,,,,,,,,,,,,,,,,,,,,,,,,,,,,,,,,35.5,,,,,,,,,,,,,52,,,18,15,39,66,19,22,24,9,23,36,9,66,36,43,54,35,36,27,20,22,11,45,41,41,32,45,11,53,59,20,9,15,36,24,5,25,10,42,29,51,14,30,21,62,36,25,24,13,33,63,28,19,34,13,27,45,53,54,31,55,16,36,68,52,14,43,25,10,39,41,19,5,39,9,70,36,36,36,15.5,27,19,36,21,53,36,36
14,26,63,47,,,,,41,,,,,,,,,,,,,,,,,,,,,,,,,,,,,,,,,,,,,,,,,,,,,,,,,,,45.5,,,,,,,,,,,,,53,,,19,16,8,62,20,23,8,25,24,36,38,62,36,44,55,36,36,28,21,59,5,44,41,42,33,37,2,54,60,66,3,16,36,25,69,12,24,40,30,52,64,12,9,58,36,8,20,15,46,64,30,34,70,44,27,46,54,55,58,56,17,36,69,29,15,44,64,11,63,42,61,38.5,40,10,71,36,36,32,17.5,28,20,36,22,1,36,36
15,50,35,23,,,,,70,,,,,,,,,,,,,,,,,,,,,,,,,,,,,,,,,,,,,,,,,,,,,,,,,,,35.5,,,,,,,,,,,,,24,,,56,66,40,11,35,1,49,18,34,36,64,19,36,26,56,37,36,3,22,45,55,15,41,47,64,21,52,27,18,42,51,44,36,27,29,27,55,32,24,53,50,45,30,30,36,55,53,23,31,22,32,36,19,42,11.5,30,66,22,25,28,9,36,4,53,4,16,9,13,27,28,20,38.5,27,31,26,36,36,55,19.5,20,42,36,23,16,36,36
16,49,36,24,,,,,71,,,,,,,,,,,,,,,,,,,,,,,,,,,,,,,,,,,,,,,,,,,,,,,,,,,35.5,,,,,,,,,,,,,25,,,55,69,41,12,34,2,50,19,35,36,65,20,36,25,57,38,36,2,23,46,54,14,41,48,65,22,53,28,19,41,51,45,36,28,28,28,54,41,25,54,51,46,31,31,36,56,54,24,32,23,33,37,20,43,11.5,29,67,23,26,29,10,36,5,54,5,15,10,14,28,29,21,38.5,26,33,27,36,36,56,21.5,21,43,36,24,53,36,36
17,69,60,70,,,,,69,,,,,,,,,,,,,,,,,,,,,,,,,,,,,,,,,,,,,,,,,,,,,,,,,,,45.5,,,,,,,,,,,,,71,,,2,65,54,15,4,45,12,52,55,36,69,18,36,22,58,7,36,17,24,47,46,23,41,70,66,70,71,70,20,50,51,11,36,63,27,69,38,63,68,55,52,62,32,70,36,69,26,25,42,43,69.5,70,58,41,17,70,55,24,30,71,48,36,15,70,69,13,62,46,58,43,56,38.5,70,69,61,36,36,62,65,45,70,36,41,28,36,36
18,68,10,25,,,,,62,,,,,,,,,,,,,,,,,,,,,,,,,,,,,,,,,,,,,,,,,,,,,,,,,,,64,,,,,,,,,,,,,1,,,8,56,55,41,6,25,42,65,57,36,30,4,36,58,15,2,36,1,1,56,44,33,41,65,34,15,13,15,3,62,51,28,36,58,56,48,43,15,62,27,54,50,60,18,36,57,10,49,56,1,49.5,64,35,35,32.5,36,27,11,59,53,53,36,21,32,68,46,57,1,2,31,43,38.5,63,34,1,36,36,66,66,64,24,36,36,13,36,36
19,67,9,26,,,,,63,,,,,,,,,,,,,,,,,,,,,,,,,,,,,,,,,,,,,,,,,,,,,,,,,,,64,,,,,,,,,,,,,2,,,20,52,56,42,7,26,43,66,58,36,31,5,36,57,16,3,36,4,2,55,43,67,41,66,35,16,14,16,4,61,51,29,36,59,55,49,42,16,63,28,55,51,61,19,36,58,11,48,55,2,51.5,65,36,36,32.5,37,28,12,60,57,54,36,22,33,64,47,58,2,3,32,44,38.5,64,35,2,36,36,67,67,65,25,36,37,53,36,36
20,66,8,27,,,,,64,,,,,,,,,,,,,,,,,,,,,,,,,,,,,,,,,,,,,,,,,,,,,,,,,,,55.5,,,,,,,,,,,,,3,,,21,53,57,43,8,27,44,67,59,36,32,6,36,56,17,4,36,5,3,54,42,40,41,67,36,17,15,17,5,60,51,30,36,60,54,50,41,17,64,29,56,52,62,20,36,59,12,47,54,3,53.5,66,37,37,32.5,38,29,13,61,64,55,36,23,34,65,48,59,3,4,33,45,38.5,65,36,3,36,36,68,68,66,26,36,38,53,36,36
21,65,7,28,,,,,65,,,,,,,,,,,,,,,,,,,,,,,,,,,,,,,,,,,,,,,,,,,,,,,,,,,55.5,,,,,,,,,,,,,4,,,22,54,58,44,9,28,45,68,60,36,33,7,36,55,18,5,36,6,4,53,41,71,41,68,37,18,16,18,6,59,51,31,36,61,53,51,40,18,65,30,57,53,63,21,36,60,13,46,53,4,55.5,67,38,38,32.5,39,30,14,62,65,56,36,24,35,66,49,60,4,5,34,46,38.5,66,37,4,36,36,69,69,67,27,36,39,53,36,36
22,64,6,29,,,,,66,,,,,,,,,,,,,,,,,,,,,,,,,,,,,,,,,,,,,,,,,,,,,,,,,,,55.5,,,,,,,,,,,,,5,,,23,55,59,45,10,29,46,69,61,36,34,8,36,54,19,6,36,7,5,52,40,35,41,69,38,19,17,19,7,58,51,32,36,62,52,52,39,19,66,25,58,54,64,22,36,61,14,45,52,5,57.5,68,39,39,32.5,40,31,15,63,66,57,36,25,36,67,50,61,5,6,35,47,38.5,67,38,5,36,36,70,70,68,28,36,40,53,36,36
23,63,5,22,,,,,67,,,,,,,,,,,,,,,,,,,,,,,,,,,,,,,,,,,,,,,,,,,,,,,,,,,55.5,,,,,,,,,,,,,54,,,1,29,60,2,2,13,1,70,56,36,29,9,36,53,20,1,36,8,6,51,39,32,41,64,14,11,5,14,8,57,51,33,36,57,7,53,29,20,67,24,53,49,59,17,36,62,9,44,51,6,59.5,60,40,40,32.5,41,26,16,29,67,41,36,26,37,63,14,56,6,7,30,48,38.5,62,39,6,36,36,71,71,69,29,36,25,8,36,36
24,2,64,41,,,,,16,,,,,,,,,,,,,,,,,,,,,,,,,,,,,,,,,,,,,,,,,,,,,,,,,,,19,,,,,,,,,,,,,55,,,54,57,23,35,14,53,58,59,25,36,16,53,36,61,63,64,36,45,25,66,22,55,41,21,13,62,23,56,51,49,51,20,36,34,51,54,36,21,37,63,43,33,14,64,36,26,15,5,71,52,65,53,46,1,39.5,58,43,56,52,39,20,36,51,56,33,30,46,47,64,49,32,38.5,49,1,49,36,36,24,23.5,30,54,36,49,29,36,36
25,3,65,42,,,,,17,,,,,,,,,,,,,,,,,,,,,,,,,,,,,,,,,,,,,,,,,,,,,,,,,,,4,,,,,,,,,,,,,56,,,53,58,24,16,22,52,59,60,26,36,17,54,36,62,64,65,36,46,26,67,21,54,41,22,21,63,22,57,52,48,51,21,36,35,50,55,35,34,38,64,44,34,15,65,36,27,16,6,70,53,66,54,47,4,39.5,59,44,57,51,40,21,36,52,57,34,31,47,48,65,50,33,38.5,50,2,50,36,36,25,25.5,31,55,36,50,53,36,36
26,4,66,43,,,,,18,,,,,,,,,,,,,,,,,,,,,,,,,,,,,,,,,,,,,,,,,,,,,,,,,,,4,,,,,,,,,,,,,57,,,52,59,25,5,23,51,60,61,27,36,18,55,36,63,65,66,36,47,27,68,20,53,41,23,22,64,21,58,53,47,51,22,36,36,49,56,34,33,39,65,45,35,16,66,36,28,17,7,69,54,67,55,48,5,39.5,60,45,58,50,41,22,36,53,58,35,32,48,49,66,51,34,38.5,51,3,51,36,36,26,27.5,32,56,36,51,53,36,36
27,7,67,44,,,,,19,,,,,,,,,,,,,,,,,,,,,,,,,,,,,,,,,,,,,,,,,,,,,,,,,,,4,,,,,,,,,,,,,58,,,51,60,26,68,24,50,61,62,28,36,19,56,36,64,66,67,36,48,28,69,19,52,41,24,23,65,20,59,54,46,51,23,36,37,48,57,33,22,40,66,46,36,17,67,36,29,18,8,68,55,68,56,49,6,39.5,61,46,59,49,42,23,36,54,59,36,33,49,50,67,52,35,38.5,52,4,52,36,36,27,29.5,33,57,36,52,53,36,36
28,8,68,45,,,,,20,,,,,,,,,,,,,,,,,,,,,,,,,,,,,,,,,,,,,,,,,,,,,,,,,,,4,,,,,,,,,,,,,59,,,50,61,27,70,25,49,62,63,29,36,20,57,36,65,67,68,36,49,29,70,18,51,41,25,24,66,19,60,55,45,51,24,36,38,47,58,32,23,41,67,47,37,18,68,36,30,19,9,67,56,69.5,57,50,7,39.5,62,47,60,48,43,24,36,55,60,37,34,50,51,68,53,36,38.5,53,5,53,36,36,28,31.5,34,58,36,53,53,36,36
29,12,69,14,,,,,21,,,,,,,,,,,,,,,,,,,,,,,,,,,,,,,,,,,,,,,,,,,,,,,,,,,55.5,,,,,,,,,,,,,60,,,49,62,1,10,13,48,25,64,15,36,14,69,36,66,68,69,36,50,30,64,24,50,41,26,25,67,6,61,11,44,51,25,36,52,46,59,31,24,42,68,15,31,1,36,36,31,1,3,66,57,62,58,44,8,39.5,63,41,61,47,44,18,36,49,38,60,12,44,52,69,54,49,38.5,30,12,54,36,36,29,33,35,59,36,54,14,36,36
30,11,70,15,,,,,22,,,,,,,,,,,,,,,,,,,,,,,,,,,,,,,,,,,,,,,,,,,,,,,,,,,55.5,,,,,,,,,,,,,61,,,48,63,2,34,49,47,26,58,16,36,15,70,36,67,69,70,36,51,31,65,23,57,41,27,26,68,7,62,10,43,51,26,36,53,45,60,30,25,43,69,16,32,2,37,36,32,2,4,65,58,63,59,45,9,39.5,64,42,62,46,45,19,36,50,39,61,11,45,53,70,55,50,38.5,29,13,55,36,36,30,34,36,60,36,55,53,36,36
31,27,71,48,,,,,23,,,,,,,,,,,,,,,,,,,,,,,,,,,,,,,,,,,,,,,,,,,,,,,,,,,45.5,,,,,,,,,,,,,62,,,47,64,22,33,64,46,68,57,69,36,66,43,36,68,70,71,36,52,32,71,17,56,41,36,27,69,18,63,9,69,51,27,36,70,68,61,37,38,44,70,69,55,3,69,36,68,68,65,64,59,64,61.5,43,45,39.5,65,17,63,64,46,58,36,56,61,62,45,70,54,71,56,62,38.5,61,27,56,36,36,31,35,37,61,36,56,30,36,36
32,45,46,49,,,,,34,,,,,,,,,,,,,,,,,,,,,,,,,,,,,,,,,,,,,,,,,,,,,,,,,,,15,,,,,,,,,,,,,29,,,46,45,42,63,65,39,51,26,45,36,57,21,36,46,8,39,36,9,33,24,53,63,41,12,1,26,44,38,44,31,51,4,36,44,18,29,62,64,45,56,21,38,65,38,36,42,46,36,63,24,34,21,51,46,67,51,34,64,37,32,59,36,57,62,21,56,14,24,50,57,25,38.5,42,40,42,36,36,48,36,38,35,36,42,17,36,36
33,44,47,50,,,,,35,,,,,,,,,,,,,,,,,,,,,,,,,,,,,,,,,,,,,,,,,,,,,,,,,,,19,,,,,,,,,,,,,30,,,45,46,43,7,66,38,52,27,46,36,58,22,36,47,9,40,36,10,34,25,52,62,41,13,4,27,43,39,45,30,51,5,36,45,17,30,61,65,46,57,22,39,66,39,36,43,47,35,62,25,35,22,52,47,67,52,35,65,38,33,60,36,58,63,22,57,15,25,51,58,26,38.5,43,41,43,36,36,49,37,39,36,36,43,53,36,36
34,43,48,51,,,,,36,,,,,,,,,,,,,,,,,,,,,,,,,,,,,,,,,,,,,,,,,,,,,,,,,,,19,,,,,,,,,,,,,31,,,44,47,44,8,67,37,53,28,47,36,59,23,36,48,10,41,36,11,35,26,51,61,41,14,6,28,42,40,46,29,51,6,36,46,16,31,60,66,47,58,23,40,67,40,36,44,48,34,61,26,36,23,53,48,67,53,36,66,39,34,61,36,59,64,23,58,16,26,52,59,27,38.5,44,42,44,36,36,50,38,40,37,36,44,53,36,36
35,42,49,52,,,,,37,,,,,,,,,,,,,,,,,,,,,,,,,,,,,,,,,,,,,,,,,,,,,,,,,,,19,,,,,,,,,,,,,32,,,43,48,45,40,68,36,54,29,48,36,60,24,36,49,11,42,36,12,36,27,50,60,41,15,8,29,41,41,47,28,51,7,36,47,15,32,59,67,48,59,24,41,68,41,36,45,49,33,60,27,37,24,54,49,67,54,37,67,40,35,62,36,60,65,24,59,17,27,53,60,28,38.5,45,43,45,36,36,51,39,41,38,36,45,53,36,36
36,41,50,53,,,,,38,,,,,,,,,,,,,,,,,,,,,,,,,,,,,,,,,,,,,,,,,,,,,,,,,,,19,,,,,,,,,,,,,33,,,42,49,46,52,69,35,55,30,49,36,61,25,36,50,12,43,36,13,37,28,49,59,41,16,39,30,40,42,48,27,51,8,36,48,14,33,58,68,49,60,25,42,69,42,36,46,50,32,59,28,38,25,55,50,67,55,38,68,41,36,63,36,61,66,25,60,18,28,54,61,29,38.5,46,44,46,36,36,52,40,42,39,36,46,53,36,36
37,40,51,54,,,,,39,,,,,,,,,,,,,,,,,,,,,,,,,,,,,,,,,,,,,,,,,,,,,,,,,,,19,,,,,,,,,,,,,34,,,41,50,47,53,70,34,56,31,50,36,62,26,36,51,13,44,36,14,38,29,48,58,41,17,40,31,39,43,49,26,51,9,36,49,13,34,57,69,50,61,26,43,70,43,36,47,51,31,58,29,39,26,56,51,67,56,39,69,42,37,64,36,62,67,26,61,19,29,55,62,30,38.5,47,45,47,36,36,53,41,43,40,36,47,53,36,36
38,39,52,55,,,,,40,,,,,,,,,,,,,,,,,,,,,,,,,,,,,,,,,,,,,,,,,,,,,,,,,,,19,,,,,,,,,,,,,35,,,40,51,48,54,71,33,57,32,51,36,63,27,36,52,14,45,36,15,39,30,47,69,41,18,41,32,38,44,50,25,51,10,36,50,12,35,56,70,51,62,27,44,71,44,36,48,52,30,57,30,40,27,57,52,67,57,40,70,43,38,65,36,63,68,27,62,20,30,56,63,31,38.5,48,46,48,36,36,54,42,44,41,36,48,53,36,36
39,61,41,56,,,,,58,,,,,,,,,,,,,,,,,,,,,,,,,,,,,,,,,,,,,,,,,,,,,,,,,,,4,,,,,,,,,,,,,19,,,39,40,21,19,48,40,63,47,39,36,52,28,36,39,31,55,36,53,40,44,67,25,41,59,42,56,37,45,39,56,23,60,36,29,44,64,67,51,35,33,28,56,51,53,36,63,62,64,17,38,48,46.5,10,53,46,31,21,17,1,25,4,36,39,40,16,25,37,57,40,20,38,38.5,25,57,37,36,36,57,43,57,65,36,57,21,36,36
40,60,42,57,,,,,59,,,,,,,,,,,,,,,,,,,,,,,,,,,,,,,,,,,,,,,,,,,,,,,,,,,4,,,,,,,,,,,,,20,,,38,41,20,20,47,41,64,48,40,36,53,29,36,38,32,56,36,54,41,43,68,21,41,60,43,57,36,46,40,55,24,61,36,30,43,65,66,52,36,34,29,57,52,54,36,64,63,63,18,39,49.5,48,11,54,46,32,22,18,2,26,5,36,40,41,17,26,38,58,41,21,39,38.5,24,58,38,36,36,58,44,58,66,36,58,53,36,36
41,59,43,58,,,,,60,,,,,,,,,,,,,,,,,,,,,,,,,,,,,,,,,,,,,,,,,,,,,,,,,,,64,,,,,,,,,,,,,21,,,37,42,19,21,46,42,65,49,41,36,54,30,36,37,33,57,36,55,42,42,69,20,41,61,44,58,35,47,41,54,25,62,36,31,42,66,65,53,32,35,30,58,53,55,36,65,64,62,34,40,51.5,49,12,55,46,33,23,19,3,27,6,36,41,42,18,27,39,59,42,22,40,38.5,23,59,39,36,36,59,45,59,67,36,59,53,36,36
42,58,44,59,,,,,61,,,,,,,,,,,,,,,,,,,,,,,,,,,,,,,,,,,,,,,,,,,,,,,,,,,64,,,,,,,,,,,,,22,,,36,43,18,36,45,43,66,50,42,36,55,31,36,36,34,58,36,56,43,41,70,26,41,62,45,59,34,48,42,53,26,63,36,32,41,67,64,54,33,36,31,59,54,56,36,66,65,61,35,41,53.5,50,13,56,46,34,24,20,4,16,7,36,42,43,19,28,40,60,43,23,41,38.5,22,60,40,36,36,60,46,60,68,36,60,53,36,36
43,57,45,60,,,,,54,,,,,,,,,,,,,,,,,,,,,,,,,,,,,,,,,,,,,,,,,,,,,,,,,,,64,,,,,,,,,,,,,23,,,35,44,17,22,44,44,67,51,38,36,56,32,36,35,35,59,36,57,44,40,71,27,41,63,46,60,33,49,43,52,27,64,36,33,40,68,63,55,34,37,32,60,55,57,36,67,66,60,36,42,55.5,51,14,57,46,35,25,21,5,17,8,36,43,44,20,29,41,61,44,24,42,38.5,21,61,41,36,36,61,47,61,69,36,61,53,36,36
44,35,19,66,,,,,47,,,,,,,,,,,,,,,,,,,,,,,,,,,,,,,,,,,,,,,,,,,,,,,,,,,11,,,,,,,,,,,,,9,,,34,32,16,65,43,63,31,10,30,36,24,34,36,30,36,60,36,58,45,36,66,2,41,52,47,48,32,22,29,40,17,50,36,15,35,36,53,2,52,38,17,21,22,46,36,33,38,54,24,7,41,28,21,19,5.5,27,3,1,13,8,33,36,7,5,38,20,28,62,45,25,11,38.5,20,47,28,36,36,41,48,47,44,36,62,22,36,36
45,34,20,67,,,,,48,,,,,,,,,,,,,,,,,,,,,,,,,,,,,,,,,,,,,,,,,,,,,,,,,,,11,,,,,,,,,,,,,10,,,33,33,14,71,42,62,32,11,31,36,25,35,36,29,37,61,36,59,46,35,65,5,41,53,48,49,31,23,30,39,18,51,36,16,34,37,52,8,53,39,18,22,23,47,36,34,39,53,20,8,42,29,22,20,5.5,17,4,2,12,9,34,36,8,6,39,21,29,63,46,11,12,38.5,19,48,29,36,36,42,49,48,45,36,63,53,36,36
46,33,13,68,,,,,49,,,,,,,,,,,,,,,,,,,,,,,,,,,,,,,,,,,,,,,,,,,,,,,,,,,11,,,,,,,,,,,,,11,,,32,34,5,50,41,61,33,12,32,36,26,36,36,28,38,62,36,60,47,34,64,6,41,54,49,50,30,24,31,38,19,52,36,17,33,38,51,14,54,40,19,23,24,48,36,35,40,52,26,9,43,30,23,21,5.5,18,5,3,14,10,35,36,9,7,40,22,30,64,47,12,13,38.5,18,49,30,36,36,43,50,49,46,36,64,53,36,36
47,32,14,69,,,,,50,,,,,,,,,,,,,,,,,,,,,,,,,,,,,,,,,,,,,,,,,,,,,,,,,,,11,,,,,,,,,,,,,12,,,31,35,6,51,40,60,34,13,33,36,27,37,36,27,39,63,36,61,48,33,63,4,41,55,50,51,29,25,32,37,20,53,36,18,32,39,50,26,55,41,20,24,25,49,36,36,41,51,25,10,44,31,24,22,5.5,19,18,4,15,11,36,36,10,8,41,23,31,65,48,13,14,38.5,17,50,31,36,36,44,51,50,47,36,65,53,36,36
48,38,15,65,,,,,57,,,,,,,,,,,,,,,,,,,,,,,,,,,,,,,,,,,,,,,,,,,,,,,,,,,11,,,,,,,,,,,,,13,,,30,36,68,31,39,59,11,14,14,36,28,33,36,31,40,31.5,36,62,49,61,62,9,41,51,51,52,63,26,33,70,51,54,36,43,36,40,46,12,56,42,37,25,26,45,36,37,42,50,19,11,45,40,30,58,5.5,20,19,5,18,31,37,36,3,9,42,24,36,66,49,14,15,38.5,55,51,60,36,36,38,52,51,48,36,66,23,36,36
49,48,73,62,,,,,51,,,,,,,,,,,,,,,,,,,,,,,,,,,,,,,,,,,,,,,,,,,,,,,,,,,8,,,,,,,,,,,,,14,,,29,37,69,55,38,58,35,33,52,36,35,38,36,32,41,29.5,36,63,50,37,61,7,41,56,52,53,28,34,34,36,51,55,36,40,39,41,49,37,57,43,38,18,56,50,36,49,43,59,38,12,57.5,41,27,59,5.5,21,56,6,20,22,38,36,16,10,43,5,53,67,29,15,63,38.5,56,52,32,36,36,45,53,52,49,36,67,32,36,36
50,47,15,63,,,,,52,,,,,,,,,,,,,,,,,,,,,,,,,,,,,,,,,,,,,,,,,,,,,,,,,,,64,,,,,,,,,,,,,15,,,28,38,49,46,37,57,36,34,53,36,36,39,36,33,42,27.5,36,64,51,38,60,8,41,57,53,54,27,35,35,35,51,56,36,41,38,42,48,36,58,44,39,19,57,51,36,50,44,58,23,13,59.5,46.5,28,60,5.5,22,57,7,19,23,39,36,17,11,44,4,54,68,30,16,64,38.5,57,53,33,36,36,46,54,53,50,36,68,53,36,36
51,46,16,64,,,,,53,,,,,,,,,,,,,,,,,,,,,,,,,,,,,,,,,,,,,,,,,,,,,,,,,,,64,,,,,,,,,,,,,16,,,27,39,50,56,36,56,37,35,54,36,37,40,36,34,43,25.5,36,65,52,39,59,10,41,58,54,55,26,36,36,34,51,57,36,42,37,43,47,35,59,45,40,20,58,52,36,51,45,57,39,14,61,43.5,29,61,5.5,23,58,8,21,24,40,36,18,12,45,3,55,69,31,17,65,38.5,58,54,34,36,36,47,55,54,51,36,69,53,36,36
52,37,11,39,,,,,55,,,,,,,,,,,,,,,,,,,,,,,,,,,,,,,,,,,,,,,,,,,,,,,,,,,55.5,,,,,,,,,,,,,17,,,26,30,10,9,27,55,28,16,7,36,22,14,36,24,44,23.5,36,66,53,32,58,3,41,49,55,46,25,20,37,33,4,58,36,19,31,44,45,27,60,46,2,16,28,4,36,38,36,56,10,15,46,38,25,23,5.5,25,1,9,16,7,31,36,19,13,46,2,26,70,17,18,51,38.5,3,55,35,36,36,39,56,55,52,36,70,24,36,36
53,36,12,40,,,,,56,,,,,,,,,,,,,,,,,,,,,,,,,,,,,,,,,,,,,,,,,,,,,,,,,,,55.5,,,,,,,,,,,,,18,,,25,31,11,25,26,54,29,17,8,36,23,15,36,23,45,21.5,36,67,54,31,57,1,41,50,56,47,24,21,38,32,5,59,36,20,30,45,44,28,61,47,3,17,29,5,36,39,37,55,37,16,47,39,26,24,5.5,26,2,10,17,12,32,36,20,14,47,1,27,71,18,19,52,38.5,4,56,36,36,36,40,57,56,53,36,71,53,36,36
54,21,24,8,,,,,28,,,,,,,,,,,,,,,,,,,,,,,,,,,,,,,,,,,,,,,,,,,,,,,,,,,24.5,,,,,,,,,,,,,39,,,66,5,63,27,50,3,38,38,64,36,41,48,36,7,21,46,36,29,55,14,2,34,5,3,57,5,60,4,25,8,12,34,36,7,22,18,13,3,1,12,33,6,40,10,36,16,32,43,13,31,6,5,6,25,54.5,6,7,25,8,13,27,36,36,20,52,51,5,31,19,7,6,38.5,11,17,11,36,36,15,4,7,4,36,4,9,36,36
55,20,35,9,,,,,29,,,,,,,,,,,,,,,,,,,,,,,,,,,,,,,,,,,,,,,,,,,,,,,,,,,31.5,,,,,,,,,,,,,40,,,65,6,64,28,51,4,39,39,65,36,42,49,36,6,22,47,36,30,56,15,3,39,6,4,11,6,59,5,26,9,13,35,36,8,21,19,14,9,2,13,34,7,41,11,36,17,33,42,40,32,7,6,7,26,54.5,7,8,26,9,14,28,36,37,21,53,52,6,32,20,6,7,38.5,10,18,12,36,36,16,5,8,5,36,5,53,36,36
56,19,36,10,,,,,30,,,,,,,,,,,,,,,,,,,,,,,,,,,,,,,,,,,,,,,,,,,,,,,,,,,31.5,,,,,,,,,,,,,41,,,64,7,65,29,52,5,40,40,66,36,43,50,36,5,23,48,36,31,57,16,6,38,7,5,12,7,58,6,27,10,14,36,36,9,20,20,15,29,3,14,35,8,42,12,36,18,34,41,41,33,8,7,8,27,54.5,8,9,27,10,30,29,36,32,22,54,53,7,33,21,5,8,38.5,9,19,13,36,36,17,6,9,6,36,6,53,36,36
57,18,37,11,,,,,31,,,,,,,,,,,,,,,,,,,,,,,,,,,,,,,,,,,,,,,,,,,,,,,,,,,29,,,,,,,,,,,,,42,,,63,8,66,30,53,6,41,41,67,36,44,51,36,4,24,49,36,32,58,17,7,37,41,6,16,8,57,7,28,11,15,37,36,10,19,21,16,30,4,15,36,9,43,13,36,19,35,40,22,34,9,8,9,28,54.5,9,10,28,11,21,30,36,33,23,55,54,8,34,22,4,9,38.5,8,20,14,36,36,18,7,10,7,36,7,53,36,36
58,29,72,12,,,,,32,,,,,,,,,,,,,,,,,,,,,,,,,,,,,,,,,,,,,,,,,,,,,,,,,,,30,,,,,,,,,,,,,43,,,62,10,67,47,54,12,69,42,68,36,45,47,36,8,25,50,36,33,59,60,29,36,41,28,17,9,56,68,21,68,51,38,36,69,65,16,26,39,5,16,68,10,44,14,36,20,69,68,21,35,10,69,41,62,54.5,10,59,29,70,18,44,36,34,24,56,55,66,35,8,3,66,38.5,54,65,15,36,36,19,8,16,8,36,26,31,36,36
59,24,22,6,,,,,26,,,,,,,,,,,,,,,,,,,,,,,,,,,,,,,,,,,,,,,,,,,,,,,,,,,35.5,,,,,,,,,,,,,44,,,3,1,15,48,55,7,27,43,13,36,46,16,36,2,26,51,36,34,60,13,12,19,41,2,18,3,55,2,22,16,16,39,36,5,26,14,19,10,6,17,4,2,39,1,36,14,29,39,5,36,11,12,4,29,54.5,24,6,30,6,47,25,36,35,15,57,9,1,36,9,1,22,38.5,1,21,16,36,36,13,9.5,12,9,36,8,7,36,36
60,23,38,7,,,,,27,,,,,,,,,,,,,,,,,,,,,,,,,,,,,,,,,,,,,,,,,,,,,,,,,,,35.5,,,,,,,,,,,,,45,,,6,2,31,67,56,11,5,44,12,36,47,17,36,9,27,15,36,35,61,11,28,31,41,1,19,2,65,1,23,12,51,40,36,4,25,13,18,11,9,18,5,1,38,3,36,15,28,38,4,37,4,13,5,30,54.5,67,60,31,7,48,26,36,28,16,58,10,2,37,10,2,23,38.5,6,22,17,36,36,20,11.5,13,10,36,9,53,36,36
61,28,29,38,,,,,24,,,,,,,,,,,,,,,,,,,,,,,,,,,,,,,,,,,,,,,,,,,,,,,,,,,45.5,,,,,,,,,,,,,46,,,11,9,9,23,57,10,7,53,44,36,48,68,36,60,71,52,36,36,62,62,1,68,41,19,28,35,64,67,24,67,11,41,36,65,71,11,25,31,10,19,65,5,37,15,36,5,27,37,45,71,18,14,63,63,54.5,68,69,32,53,49,51,36,29,17,31,63,63,38,61,45,57,38.5,12,14,59,36,36,12,13.5,15,11,36,27,5,36,36
62,54,38,13,,,,,10,,,,,,,,,,,,,,,,,,,,,,,,,,,,,,,,,,,,,,,,,,,,,,,,,,,19,,,,,,,,,,,,,68,,,67,17,53,37,58,70,6,1,1,36,21,41,36,59,48,16,36,42.5,63,50,31,28,41,35,58,1,68,13,63,1,51,67,36,12,64,9,28,4,12,1,61,63,5,26,36,54,61,26,9,69,12,35,18,67,19,13,11,33,44,6,52,36,11,27,9,64,34,41,15,71,10,38.5,33,71,18,36,36,2,15.5,62,62,36,12,6,36,36
63,31,53,36,,,,,8,,,,,,,,,,,,,,,,,,,,,,,,,,,,,,,,,,,,,,,,,,,,,,,,,,,55.5,,,,,,,,,,,,,37,,,68,67,70,6,59,17,47,54,18,36,67,11,36,13,49,53,36,39,64,57,27,66,41,45,59,38,61,64,64,19,51,65,36,54,62,62,68,56,20,22,60,69,49,34,36,1,59,27,47,44,19,61.5,64,68,15.5,15,61,34,36,50,42,36,70,30,28,65,51,43,59,64,53,38.5,68,28,19,36,36,64,17.5,5,22,36,13,19,36,36
64,30,63,37,,,,,9,,,,,,,,,,,,,,,,,,,,,,,,,,,,,,,,,,,,,,,,,,,,,,,,,,,55.5,,,,,,,,,,,,,38,,,69,68,71,4,60,18,48,55,19,36,68,12,36,14,50,54,36,40,65,58,26,65,41,46,60,39,62,65,65,18,51,66,36,55,61,63,69,57,21,23,62,70,50,35,36,2,60,28,50,45,20,63,65,69,15.5,16,62,35,35,51,43,36,71,31,29,66,52,44,60,65,54,38.5,69,29,20,36,36,65,19.5,6,23,36,14,53,36,36
65,51,47,35,,,,,4,,,,,,,,,,,,,,,,,,,,,,,,,,,,,,,,,,,,,,,,,,,,,,,,,,,45.5,,,,,,,,,,,,,67,,,10,28,12,38,61,71,2,2,3,36,11,61,36,16,2,10,36,42.5,66,2,16,22,41,29,9,40,67,66,66,14.5,51,18,36,14,59,4,6,58,16,11,48,64,45,9,36,9,56,22,6,46,17,32,42,31,61.5,5,63,36,65,52,70,36,46,45,6,67,32,42,16,66,55,38.5,34,64,21,36,36,6,21.5,2,34,36,15,18,36,36
66,1,72,34,,,,,42,,,,,,,,,,,,,,,,,,,,,,,,,,,,,,,,,,,,,,,,,,,,,,,,,,,11,,,,,,,,,,,,,36,,,24,11,51,1,11,24,10,15,10,36,10,67,36,45,47,9,36,41,67,23,30,64,41,37,61,41,3,55,67,24,21,19,36,26,1,26,11,48,31,31,10,26,27,63,36,21,25,16,44,47,29,33,66,32,49,49,64,71,66,68,66,36,64,55,10,68,21,12,23,48,67,1,32,11,57,36,36,37,23.5,29,21,36,28,20,36,36
67,71,39,71,,,,,68,,,,,,,,,,,,,,,,,,,,,,,,,,,,,,,,,,,,,,,,,,,,,,,,,,,69,,,,,,,,,,,,,70,,,70,70,62,32,5,64,70,56,70,36,70,71,36,21,46,8,36,16,68,48,45,24,41,71,67,71,70,71,68,51,51,68,36,64,57,70,71,59,71,32,70,61,33,71,36,70,67,29,43,48,71,71,69,70,18,69,70,37,67,70,71,36,2,71,70,69,69,56,57,47,68,38.5,71,63,58,36,36,63,25.5,46,71,36,29,33,36,36
68,16,31,33,,,,,33,,,,,,,,,,,,,,,,,,,,,,,,,,,,,,,,,,,,,,,,,,,,,,,,,,,45.5,,,,,,,,,,,,,47,,,9,3,52,18,62,8,9,45,9,36,39,52,36,3,29,11,36,37,69,10,25,49,41,7,7,23,66,8,69,13,22,42,36,11,23,17,17,47,7,20,41,4,36,16,36,10,31,69,7,49,13,9,67,33,54.5,11,65,38,68,15,67,36,30,18,30,70,4,39,12,36,69,38.5,7,16,23,36,36,21,27.5,11,12,36,10,11,36,36
69,22,21,32,,,,,25,,,,,,,,,,,,,,,,,,,,,,,,,,,,,,,,,,,,,,,,,,,,,,,,,,,45.5,,,,,,,,,,,,,48,,,5,4,30,17,63,9,30,46,17,36,40,10,36,1,28,12,36,38,70,12,13,29,41,8,70,4,54,3,70,17,51,43,36,6,24,15,20,46,8,21,6,3,35,2,36,52,30,70,8,50,5,15,68,34,54.5,12,20,39,69,19,68,36,31,19,59,7,3,40,11,37,70,38.5,2,15,22,36,36,14,29.5,14,13,36,11,12,36,36
70,70,40,61,,,,,7,,,,,,,,,,,,,,,,,,,,,,,,,,,,,,,,,,,,,,,,,,,,,,,,,,,71,,,,,,,,,,,,,69,,,71,71,61,14,12,68,71,71,71,36,71,3,36,71,30,13,36,44,71,18,56,12,1,33,71,61,69,69,71,71,51,69,36,71,58,71,70,71,70,71,71,68,34,29,36,71,58,71,48,51,31,52,71,71,71,50,71,40,71,69,69,36,38,69,71,71,71,55,1,46,71,38.5,13,70,7,36,36,7,31.5,71,64,36,30,34,36,36
71,,,,,,,,,,,,,,,,,,,,,,,,,,,,,,,,,,,,,,,,,,,,,,,,,,,,,,,,,,,,,,,,,,,,,,,,,,,,,,,,,,,,,,,,,,,,,,,,,,,,,,,,,,,,,,,,,,,,,,,,,,,,,,,,,,,,,,,,,,,,,,,,,,,,,,,,,,,,,,,,
72,,,,,,,,,,,,,,,,,,,,,,,,,,,,,,,,,,,,,,,,,,,,,,,,,,,,,,,,,,,,,,,,,,,,,,,,,,,,,,,,,,,,,,,,,,,,,,,,,,,,,,,,,,,,,,,,,,,,,,,,,,,,,,,,,,,,,,,,,,,,,,,,,,,,,,,,,,,,,,,,
73,35,2,34,3,8,3,25,64,1,18,8,1,25,23,1,34,1,1,18,10,1,15,1,23,14,23.5,10,2,3,34,6,1,13,25,18,34,39,25,3,14,18,7,34,6,1,40,5,2,5,2,6,36,2,46,34,20,2,13,22,1,9,1,34,4,5,11,18,16,2,7,11,26,20,34,27,11,28,3,2,24,10,34,4,34,34,8,34,8,34,7,34,51,20,14,9,24.5,26,34,6,10,34,59,31.5,3.5,45.5,1,34,34,34,1,8,20,34,17,59,54,43,1,34,23,18.5,34,22,23,8,20,2,1,26,34,1,29,34,25,13,34,39,34,6,7,21,37.5,34,23,2.5,34,6,19,34,34,34,2,34,3,17,34,9,22,34,34
74,3,3,34,1,20,7.5,24,9,19,16,23,2,1,1,2,34,14,2,19,9,2,1,6,3,12,3,17,32,2,34,8,2,3,24,3,34,39,13,15,29,21,4,34,1,9,1,4,6,2,3,8,9,1,32,34,19,22,14,24,2,23,3,34,3,3,8,2,17,8,23,2,8,12,34,28,12,29,2,1,21,16,34,5,34,34,6,34,9,34,10,34,23,10,5,2,5,15,34,4,13,34,26,33.5,20,18,2,34,34,34,7,1,15,34,18,60,52,16,6,34,24,8,33,2,7,16,5,1,11,11,34,2,30,34,26,6,34,43,34,7,1,20,3,34,2,38,34,4,6,34,34,34,1,34,27,14.5,34,10,3,34,34
75,34,14,34,24,1,58,31,25.5,37,27,51,42.5,8,36,6,34,23,17,32,12,33,16,32,41,3,28,12,33,7,34,2,23,65,23,37,34,39,24,39,42,23,5,34,34,20,15,41,34,22,9,25,2,12.5,31,34,17,14,15,25,13,33,11,34,25,18,47,10,51,32,33,7,28,19,34,3,67,30,32,25,23,7,34,11,34,34,7,34,36,34,11,34,25,21,22,36,27,9,34,21,49,34,2,35.5,32,45.5,3,34,34,34,40,53,17,34,26,61,55,17,7,34,32,12,6,67,24,22,47,5,12,29,34,8,31,34,27,8,34,44,34,50,13,19,28,34,3,60,34,2,18,34,34,34,14,34,28,18,34,32,23,34,34
76,7,6,34,8,9,21,32,12,38,17,34,42.5,6,9,7,34,19,10,31,11,32,20,10,40,2,27,1,34,6,34,1,24,17,22,33,34,39,23,40,43,25,6,34,4,19,14,39,13,21,8,24,1,11,20,34,22,10,7,26,9,22,10,34,26,9,20,11,49,14,9,5,10,13,34,30,10,31,33,28,22,9,34,10,34,34,9,34,37,34,9,34,24,22,21,10,12,10,34,5,20,34,25,37,31,45.5,4,34,34,34,33,5,18,34,10,66.5,49,53,5,34,9,11,27,66,25,19,39,4,13,44,34,3,32,34,28,7,34,40,34,51,12,15,5,34,14,23,34,5,20,34,34,34,9,34,29,19,34,33,16,34,34
77,58,16,34,41,11,59,55,30,3,26,17,42.5,67,48,5,34,24,12,13,40,31,22,35,54,41,35,7,36,8,34,10,27,38,51,35,34,39,62,55,54,9,11,34,52,7,39,50,24,48,1,49,50,8,48,34,7,54,41,57,7,39,56,34,27,15,48,37.5,30,52,62,27,50,42,34,29,23,32,35,47,58,53,34,9,34,34,32,34,39,34,51,34,67,23,49,52,33,8,34,22,54,34,21.5,38,49,45.5,5,34,34,34,49,45,19,34,61,64.5,56,54,8,34,10,55.5,26,20.5,56,32,33.5,7,15,27,34,7,33,34,29,64,34,63,34,52,47,28,67,34,67,24,34,3,46,34,34,34,10,34,59,20,34,34,24,34,34
78,33,13,34,5,6,60,33,10,24,19,7,3,26,29,3,34,20,8,20,13,35,19,7,39,5,29,9,35,5,34,11,3,14,21,34,34,39,22,19,31,24,1,34,33,17,13,19,9,20,6,23,10,14,41,34,3,15,16,27,3,13,9,34,21,8,19,3,29,31,31.5,6,27,14,34,31,9,33,34,6,33,14,34,7,34,34,17,34,38,34,8,34,52,24,18,35,1,14,34,19,22,34,23,39,43,45.5,6,34,34,34,44,31,16,34,19,62,50,52,4,34,11,14,25,64.5,26,14,23,3,10,30,34,6,34,34,30,9,34,49,34,15,5,18,34,34,15,22,34,1,7,34,34,34,6,34,30,21,34,11,26,34,34
79,12,11,34,14,14,61,23,35,11,20,65,4,7,37,4,34,21,11,30,30,7,18,33,8,4,1,11,20,1,34,3,11,25,20,26,34,39,21,20,44,20,8,34,32,28,3,22,22,33,5,26,4,3,29,34,6,20,17,3,8,32,7,34,2,16,2,19,50,16,29,4,9,18,34,32,66,34,4,7,20,21,34,8,34,34,18,34,10,34,52,34,26,1.5,17,34,26,44,34,20,21,34,15.5,40,42,45.5,7,34,34,34,31,40,11,34,31,63,53,24,3,34,12,13,7,23,27,40,50,6,14,31,34,5,35,34,31,1,34,45,34,8,18,17,19,34,4,25,34,8,21,34,34,34,13,34,14,22,34,35,25,34,34
80,1,10,34,15,17,62,22,42.5,21,25,1,42.5,58,7,18,34,25,3,41,33,20,3,30,38,13,2,5,27,4,34,27,28,51,19,1,34,39,20,6,33,22,2,34,5,8,27,7,21,34,4,14,3,10,33,34,16,9,18,18,10,24,12,34,52,28,40.5,20,22,15,30,3,7,9,34,33,13,35,1,8,34,15,34,6,34,34,33,34,11,34,12,34,27,12,23,11,24.5,2,34,9,15,34,19,41,25,45.5,8,34,34,34,37,19,13.5,34,24,58,51,19,2,34,13,10,24,24,57,20,28,8,9,28,34,4,36,34,32,5,34,41,34,10,3,16,16,34,60,26,34,7,5,34,34,34,8,34,31,16,34,12,11,34,34
81,4,1,34,4,23,22.5,8,6,20,21,22,42.5,59,3,11,34,16,34,56,31,3,2,9,7,15,32.5,18,25,18,34,23,6,16,18,30,34,39,14,14,28,33,21,34,18,21,4,1,25,1,10,7,21,15,26,34,27,23,40,28,5,14,2,34,11,19,46,1,18,13,10,8,22,11,34,34,14,23,15,9,17,13,34,18,34,34,12,34,5,34,6,34,28,13,6,3,4,12,34,10,16,34,17,20,18,11,9,34,34,34,6,4,12,34,25,53,46,18,25,34,34,9,35,5,58,21,19,9,5,32,34,9,37,34,33,3,34,46,34,9,4,40,6,34,5,21,34,12,16,34,34,34,3,34,32,1,34,36,1.5,34,34
82,6,5,34,7,16,24,9,20,39,22,6,42.5,60,34,19,34,18,33,57,32,34,4,5,37,16,36,2,31,17,34,24,5,15,17,31.5,34,39,19,11,45,42,23,34,17,6,31,40,12,4,14,19,20,17,45,34,28,19,39,2,4,25,8,34,24,27,21,4,20,30,5,9,25,1,34,35,6,24,16,10,35,12,34,19,34,34,16,34,7,34,5,34,29,14,34,33,11,6,34,18,17,34,24,44,27,45.5,10,34,34,34,38,18,21,34,20,52,47,51,12,34,2,7,8,64.5,59,41,56,13,25,60,34,13,38,34,34,20,34,47,34,11,15,24,17,34,16,5,34,11,1,34,34,34,5,34,33,14.5,34,13,15,34,34
83,13,12,34,22,3,63,10,25.5,40,24,33,42.5,61,35,20,34,26,32,58,36,21,9,34,24,17,38,15,26,16,34,25,25,18,16,29,34,39,16,21,24,35,24,34,31,29,30,21,35,32,13,22,22,18,30,34,30,16,38,29.5,12,12,5,34,7,21,45,24,36,17,25,15,23,17,34,36,65,25,17,11,18,20,34,23,34,34,15,34,4,34,24,34,30,15,19,32,28,46,34,23,18,34,19,43,44,45.5,11,34,34,34,39,33,22,34,46,57,45,23,37,34,20,17,9,41.5,60,42,58,12,26,61,34,10,39,34,35,2,34,48,34,12,14,27,18,34,6,61,34,17,8,34,34,34,12,34,34,23,34,37,27,34,34
84,11,4,34,6,38,57,11,4,41,23,24,42.5,62,31,21,34,27,31,59,35,6,10,25,36,6,34,6,24,19,34,26,26,11,15,28,34,39,15,17,2,36,22,34,30,27,29,8,20,29,11,20,19,12.5,28,34,26,24,37,31,11,11,4,34,22,20,44,21,19,11,24,16,21,15,34,37,64,26,14,12,19,17,34,20,34,34,14,34,6,34,53,34,53,16,8,31,3,45,34,24,19,34,15.5,42,3.5,19,12,34,34,34,32,27,23.5,34,27,56,48,25,24,34,21,16,10,26,61,43,57,11,6,33,34,11,53,34,36,4,34,42,34,13,6,26,43,34,7,6,34,14,22,34,34,34,11,34,35,24,34,38,28,34,34
85,5,9,34,21,37,22.5,30,11,8,28,11,42.5,63,30,22,34,15,30,60,34,4,17,8,5,7,37,13,5,15,34,12,9,10,12,27,34,39,17,12,30,34,20,34,19,3,28,20,15,3,12,21,18,16,25,34,29,4,24,23,6,26,6,34,5,22,43,22,21,12,6,10,24,16,34,38,5,27,13,13,16,11,34,22,34,34,13,34,1,34,23,34,54,17,13,4,32,17,34,11,1,34,1,13.5,19,45.5,13,34,34,34,5,7,8,34,15,55,44,42,11,34,14,15,11,27,62,15,27,10,8,34,34,12,40,34,37,12,34,50,34,14,8,25,36,34,1,4,34,10,2,34,34,34,4,34,13,13,34,14,7,34,34
86,2,7,34,20,50,14,42,63,9,29,2,42.5,2,13,24,34,13,6,17,3,27,5,12,42,11,13,16,38,20,34,5,10,37,14,38,34,39,18,9,36,41,14,34,16,10,7,23,11,15,15,5,12,26,34,34,11,6,36,17,18,27,13,34,53,26,22,23,12,29,28,25,20,8,34,39,4,36.5,24,14,36,8,34,21,34,34,31,34,49,34,4,34,19,18,9,15,13,3,34,12,14,34,28,1,22,45.5,14,34,34,34,43,30,23.5,34,16,54,43,26,9,34,6,1,12,28,63,39,60,14,28,12,34,19,41,34,38,11,34,5,34,21,2,39,20,34,24,20,34,52,17,34,34,34,7,34,16,25,34,15,8,34,34
87,15,8,34,28,36,67,7,36,42,30,32,42.5,5,4,12,34,17,29,21,63,30,7,31,25,10,49,25,37,52,34,28,31,1,13,54,34,39,47,22,26,53,19,34,35,30,6,6,33,27,28,15,49,67,19,34,60,25,19,29.5,38,30,39,34,23,23,56,36,48,46,27,44,37,21,34,40,35,38.5,31,15,15,22,34,24,34,34,28,34,12,34,54,34,55,19,20,12,34,47,34,25,23,34,27,19,30,22,15,34,34,34,29,52,25,34,65,51,57,20,13,34,31,20,5,6,64,3,59,15,27,48,34,48,42,34,39,10,34,11.5,34,22,10,41,13,34,57,56,34,53,23,34,34,34,26,34,60,26,34,16,12,34,34
88,55,55,34,53,42,66,1,23,57,62,50,42.5,28,62,52,34,65,23,61,64,19,6,59,51,67,61,24,39,61,34,55,29,39,53,42,34,39,1,53,60,66,26,34,67,32,53,63,63,62,29,31,64,66,52,34,39,55,35,66,64,37,15,34,28,35,58,37.5,31,47,31.5,66,64,43,34,43,34,52,55,16,60,18,34,46,34,34,29,34,53,34,55,34,16,8,56,64,7,27,34,26,53,34,38,17,56,7.5,66,34,34,34,50,65,63,34,66,33,58,65,41,34,1,51,13,61.5,65,37,55,66,67,49,34,60,5,34,40,52,34,9,34,53,39,55.5,52,34,58,1,34,54,44,34,34,34,55,34,9,27,34,17,6,34,34
89,54,57,34,54,43,65,2,24,56,63,49,42.5,29,63,51,34,66,24,62,65,8,11,60,50,66,62,23,40,62,34,54,30,40,52,43,34,39,2,54,61,67,25,34,65,33,52,62,64,61,36,30,63,65,53,34,35,56,34,65,65,38,14,34,30,36,57,33,26,48,52,65,65,44,34,44,33,53,56,17,59,19,34,47,34,34,30,34,54,34,56,34,17,9,57,65,8,22,34,27,52,34,39,18,55,6,67,34,34,34,51,64,62,34,67,32,59,64,42,34,35,52,30,59.5,66,38,48,67,66,50,34,61,2,34,41,53,34,10,34,54,40,57,53,34,59,67,34,55,45,34,34,34,54,34,8,43,34,18,14,34,34
90,18,51,34,29,47,26,34,29,47,34,25,13,64,5,36,34,47,28,53,25,10,25,29,33,26,21,45,18,53,34,21,39,24,32,2,34,39,48,32,39,27,41,34,29,52,8,42,36,25,37,38,13,64,27,34,43,13,33,32,36,31,36,34,19,57,59,39,37,36,8,33,13,22,34,41,32,54,29,18,25,35,34,66,34,34,23,34,13,34,57,34,31,32,27,37,20,48,34,28,43,34,29,6,6,45.5,19,34,34,34,35,29,26,34,28,16,13,50,31,34,22,22,29,3,8,56,24,28,7,51,34,49,43,34,42,18,34,23,34,23,29,49,1,34,8,57,34,35,38,34,34,34,37,34,15,44,34,39,29,34,34
91,39,52,34,30,48,25,36,21,48,35,12,42.5,27,33,29,34,48,27,54,14,44,60,28,35,27,32.5,46,41,54,34,20,38,36,31,19,34,39,49,13,46,30,43,34,28,18,24,44,26,24,38,37,5,63,44,34,44,18,32,1,34,21,37,34,20,58,60,25,38,37,11,32,15,2,34,42,15,55,36,19,37,37,34,65,34,34,27,34,14,34,21,34,32,33,28,38,36,5,34,29,44,34,36,21,26,45.5,20,34,34,34,34,28,27,34,29,14,14,49,29,34,19,21,28,18,9,49,22,27,30,52,34,50,44,34,43,19,34,22,34,24,30,50,14,34,9,58,34,36,37,34,34,34,38,34,36,45,34,40,54,34,34
92,19,53,34,31,46,64,35,37,49,36,64,42.5,65,8,37,34,49,26,55,26,43,61,36,32,28,26,21,21,55,34,13,40,50,30,25,34,39,50,33,47,28,42,34,27,46,25,45,37,26,39,36,6,32,17,34,48,26,31,33,37,34,38,34,1,59,61,40,39,38,35,34,14,23,34,5,31,56,30,20,14,36,34,64,34,34,24,34,15,34,22,34,33,34,26,39,37,49,34,30,45,34,37,22,48,45.5,21,34,34,34,30,41,28,34,30,15,15,48,30,34,26,23,23,25,10,57,51,17,29,53,34,51,45,34,44,17,34,21,34,25,31,51,15,34,10,59,34,43,36,34,34,34,50,34,37,46,34,41,55,34,34
93,67,58,34,60,49,55,61,31,61,58,60,42.5,33,57,59,34,56,65,46,52,41,32,55,55,65,55,58,42,56,34,61,59,52,59,61,34,39,7,63,48,57,29,34,54,45,59,61,56,52,61,53,52,62,54,34,10,63,58,54,61,45,57,34,54,63,39,64,41,62,58,60,53,45,34,45,63,64,57,21,66,59,34,58,34,34,60,34,55,34,58,34,66,11,59,57,9,29,34,31,55,34,49,23,63,4,65,34,34,34,58,61,61,34,55,31,24,63,53,34,27,62,2,12,33,44,31,62,65,13,34,62,6,34,45,58,34,53,34,55,41,59,61,34,61,17,34,37,47,34,34,34,60,34,41,39,34,19,1.5,34,34
94,66,59,34,61,28,54,62,34,60,59,61,42.5,34,59,57,34,57,64,47,53,65,33,56,60,64,54,57,43,57,34,62,60,56,58,62,34,39,6,64,49,58,30,34,55,44,58,58,57,51,62,52,53,61,55,34,13,64,57,53,62,44,58,34,61,62,40.5,62,42,61,59,59,54,46,34,46,62,65,58,22,65,60,34,60,34,34,61,34,56,34,59,34,65,25,60,58,19,30,34,32,56,34,50,24,62,9,64,34,34,34,59,60,60,34,56,30,23,62,52,34,28,61,1,10.5,34,45,32,63,64,25,34,63,7,34,46,57,34,54,34,56,42,58,62,34,62,18,34,39,48,34,34,34,59,34,42,40,34,20,56,34,34
95,65,60,34,62,29,53,63,32,59,60,59,42.5,35,58,58,34,58,63,48,54,36,34,57,59,63,53,56,44,58,34,63,61,54,57,63,34,39,8,65,50,59,31,34,56,43,57,59,58,50,63,51,54,60,56,34,12,65,56,52,59,43,59,34,55,61,42,61,43,60,60,58,55,47,34,47,61,66,59,23,64,61,34,59,34,34,59,34,57,34,60,34,64,26,61,59,17,31,34,33,57,34,51,25,61,5,63,34,34,34,60,59,59,34,57,29,22,61,51,34,29,60,4,29,35,46,30,64,63,20,34,64,8,34,47,54,34,55,34,57,43,60,63,34,63,19,34,41,49,34,34,34,58,34,43,41,34,21,57,34,34
96,64,61,34,63,4,52,64,33,58,61,58,42.5,36,56,60,34,59,62,49,55,50,35,58,58,62,52,55,45,59,34,64,65,55,56,64,34,39,5,66,51,60,28,34,57,42,56,60,59,49,64,50,55,59,57,34,23,66,55,51,60,42,60,34,56,60,24,60,44,59,61,57,56,48,34,48,60,67,60,24,63,62,34,61,34,34,58,34,58,34,61,34,63,27,62,60,18,32,34,34,58,34,52,26,60,3,62,34,34,34,61,58,58,34,58,28,21,59.5,50,34,30,59,32,15,36,47,29,65,62,21,34,65,9,34,48,55,34,56,34,58,44,55.5,64,34,64,2.5,34,40,50,34,34,34,57,34,44,42,34,22,58,34,34
97,52,25,34,42,7,51,65,46,2,38,18,42.5,49,49,55,34,54,61,2,43,26,24,37,57,61,50,27,46,31,34,45,55,66,55,57,34,39,63,59,52,3,9,34,50,22,55,51,27,47,19,12,51,9,47,34,2,53,54,55,30,41,62,34,62,2,23,41,24,53,45,26,51,49,34,49,59,58,28,3,62,3,34,62,34,34,48,34,43,34,62,34,62,28,52,55,45,21,34,35,59,34,19,27,53,45.5,16,34,34,34,52,51,56.5,34,59,41,20,45,33,34,15,57,31,57.5,37,29,10,24,61,22,34,18,10,34,49,56,34,52,34,26,45,6,65,34,65,9,34,38,51,34,34,34,31,34,40,28.5,34,66,59,34,34
98,53,56,34,43,27,50,66,28,22,37,35,42.5,50,50,38,34,55,60,26,44,42,62,40,56,60,51,38,47,32,34,46,56,53,54,65,34,39,64,58,53,10,32,34,51,16,54,54,23,53,54,59,62,58,50,34,57,52,53,56,33,40,61,34,63,56,31,59,40,63,46,56,52,50,34,50,58,57,27,26,61,54,34,63,34,34,47,34,42,34,63,34,61,29,53,56,44,28,34,36,60,34,21.5,28,52,12,22,34,34,34,53,50,54.5,34,60,40,19,44,34,34,16,58,40,56,38,30,49,25,60,23,34,66,11,34,50,59,34,57,34,27,46,46,66,34,66,16,34,42,52,34,34,34,32,34,45,38,34,42,60,34,34
99,49,21,34,47,25,49,12,18,12,2,57,42.5,51,17,54,34,10,22,14,45,9,63,17,31,54,47,39,48,11,34,50,20,35,42,44,34,39,67,49,4,5,40,34,26,50,51,25,38,46,52,58,39,27,7,34,37,44,52,9,41,7,54,34,9,32,25,12,11,10,44,41,44,51,34,54,30,8,21,27,41,55,34,25,34,34,67,34,40,34,25,34,44,30,48,42,58,33,34,13,8,34,63,29,13,13,23,34,34,34,11,24,4,34,6,1,6,7,43,34,17,47,39,30,39,31,12,26,38,24,34,20,12,34,24,49,34,51,34,16,32,4,44,34,25,15,34,51,53,34,34,34,21,34,57,4,34,43,30,34,34
100,44,20,34,44,24,48,13,17,10,1,16,42.5,52,15,17,34,4,21,5,46,13,23,14,30,53,39,28,1,9,34,4,12,2,41,45,34,39,51,43,5,2,12,34,15,15,44,10,4,36,20,10,37,5,2,34,5,51,51,16,23,6,49,34,42,4,7,13,1,6,47,13,43,52,34,52,29,12,23,5,42,23,34,2,34,34,34,34,41,34,26,34,45,31,47,43,57,16,34,14,2,34,30,30,14,10,17,34,34,34,10,25,2,34,7,7,7,2,15,34,18,27,38,31,40,2,8,23,39,59,34,14,13,34,1,43,34,3.5,34,3,33,2,45,34,26,14,34,28,54,34,34,34,20,34,51,5,34,1,9,34,34
101,46,22,34,48,26,47,14,7,43,6,13,14,53,19,8,34,6,20,27,47,12,36,19,10,52,44,40,52,22,34,16,15,7,40,46.5,34,39,52,45,8,6,36,34,12,23,49,29,17,45,21,57,38,22,10,34,51,43,50,14,25,2,53,34,17,37,5,34,7,20,48,21,38,53,34,56,28,11,22,29,43,24,34,12,34,34,38,34,31,34,27,34,46,35,46,44,56,7,34,37,4,34,31,4,10,20,24,34,34,34,13,13,5,34,1,4,12,3,20,34,8,44,37,13.5,41,5,13,18,40,5,34,21,14,34,6,44,34,15,34,28,34,8,46,34,27,7,34,29,55,34,34,34,15,34,53,6,34,2,4,34,34
102,47,23,34,49,39,46,15,38,45,8,15,17,54,20,10,34,7.5,19,28,48,64,37,21,28,51,45,41,51,23,34,18,18,8,39,48,34,39,53,46,9,8,38,34,22,34,48,31,18,44,23,56,42,23,9,34,34,42,49,14,27,1,52,34,45,38,4,32,8,19,57,22,39,54,34,57,27,10,40,30,47,25,34,13,34,34,40,34,32,34,28,34,47,36,45,45,55,23,34,38,5,34,32,3,11,45.5,25,34,34,34,14,11,6,34,2,3,11,4,21,34,5,45,36,16,42,6,40,19,41,5,34,22,15,34,9,45,34,13,34,29,35,10,47,34,28,10,34,30,56,34,34,34,16,34,54,7,34,3,17,34,34
103,45,24,34,50,51,45,16,8,44,7,14,15.5,55,21,9,34,9,18,29,49,5,38,20,29,50,46,42,50,24,34,17,16,9,38,49,34,6,54,47,10,7,37,34,44,24,47,30,19,43,22,55,41,24,11,34,40,41,48,14,26,3,51,34,18,39,16,31,9,18,51,23,40,55,34,58,26,9,20,31,46,26,34,14,34,34,39,34,33,34,29,34,48,37,44,46,54,13,34,39,6,34,33,5,12,21,26,34,34,34,15,12,7,34,3,2,10,5,22,34,3,46,14,32,43,7,14,20,42,5,34,23,16,34,7.5,46,34,14,34,30,36,9,48,34,29,12.5,34,31,57,34,34,34,17,34,55,8,34,4,64,34,34
104,43,27,34,45,5,44,17,44,16,3,41,42.5,56,16,25,34,3,9,6,50,47,39,15,27,49,40,8,49,10,34,34,13,4,37,50,34,7,55,42,6,1,13,34,10,14,46,37,1,37,7,9,44,4,1,34,8,39,47,10,28,5,50,34,43,13,3,14,2,3,49,12,41,56,34,55,25,7,39,32,45,27,34,1,34,34,42,34,50,34,30,34,49,38,43,47,53,24,34,40,3,34,34,31.5,15,23,18,34,34,34,9,16,3,34,4,6,8,1,16,34,25,25,15,33,44,1,7,21,43,5,34,17,17,34,4.5,48,34,2,34,2,38,1,49,34,30,11,34,32,58,34,34,34,18,34,52,9,34,5,5,34,34
105,48,26,34,46,13,43,18,45,15,13,42,42.5,57,22,26,34,2,16,7,51,63,40,16,26,48,48,43,53,21,34,33,21,6,36,51,34,39,56,44,7,4,27,34,9,41,45,38,16,42,32,54,43,31,8,34,24,40,46,11.5,29,4,48,34,44,30,14,30,4,7,50,19,42,57,34,53,24,13,38,33,44,28,34,15,34,34,54,34,34,34,31,34,50,39,42,48,52,25,34,41,7,34,35,33.5,16,45.5,27,34,34,34,12,17,9,34,5,5,9,6,23,34,4,26,16,13.5,45,12,11,22,44,5,34,24,18,34,7.5,47,34,11.5,34,31,37,7,50,34,31,12.5,34,59,59,34,34,34,19,34,56,10,34,6,31,34,34
106,57,54,34,66,10,42,4,52,62,65,48,42.5,30,65,53,34,7.5,47,63,66,45,26,64,53,47,63,26,54,63,34,59,54,41,50,23,34,39,3,51,62,65,44,34,66,40,50,64,65,60,67,29,61,57,59,34,46,57,45,64,66,46,44,34,67,40,62,63,27,64,56,67,63,58,34,51,57,51,61,34,48,56,34,48,34,34,53,34,59,34,64,34,43,40,58,66,29,34,34,42,67,34,65,7,64,45.5,28,34,34,34,57,63,64,34,64,22,60,66,44,34,36,55.5,17,34.5,46,33,54,41,59,10,34,67,19,34,64,66,34,6.5,34,59,48,65,54,34,32,27,34,33,60,34,34,34,56,34,10,37,34,23,32,34,34
107,21,30,34,37,22,7.5,43,53,25,45,28,10,22,38,33,34,34,41,22,17,39,29,41,11,38,16,65,13,33,34,51,42,26,7,12,34,8,35,36,15,44,64,34,36,53,23,32,39,8,45,48,14,33,14,34,45,32,44,34,42,15,21,34,35,45,49,42,52,41,20,35,5,24,34,2,56,36.5,10,35,13,38,34,26,34,34,1,34,26,34,65,34,5,3,10,21,51,56,34,47,38,34,3,45,41,14,29,34,34,34,23,39,33,34,39,46,1,41,49,34,33,35,18,7,2,51,1,29,24,19,34,33,46,34,12,26,34,32,34,32,20,30,8,34,17,28,34,58,31,34,34,34,45,34,19.5,47,34,44,33,34,34
108,22,31,34,38,21,9,44,54,26,44,29,11,23,39,32,34,35,40,23,18,38,30,42,9,37,17,64,12,34,34,52,43,27,8,13,34,9,36,37,16,45,66,34,37,61,22,33,40,9,46,47,15,34,15,34,50,33,43,35,43,19,22,34,36,44,50,43,53,42,15,36,4,25,34,7,55,38.5,11,36,12,39,34,27,34,34,2,34,27,34,66,34,6,4,11,22,50,57,34,46,39,34,4,46,40,15,30,34,34,34,24,38,32,34,40,45,2,40,48,34,7,36,19,36,3,52,2,30,23,16.5,34,34,47,34,13,27,34,33,34,33,21,31,9,34,18,29,34,57,32,34,34,34,44,34,21,48,34,45,64,34,34
109,23,32,34,39,62,10,46,55,27,43,30,12,24,40,31,34,36,39,24,19,37,31,43,12,36,18,63,11,35,34,53,44,28,9,14,34,10,37,38,17,46,65,34,38,60,21,34,41,10,48,46,16,35,16,34,53,34,42,36,44,16,23,34,37,43,51,44,54,43,14,37,3,26,34,8,54,40,12,37,11,40,34,28,34,34,3,34,28,34,36,34,7,5,12,23,49,58,34,45,40,34,5,47,39,16,31,34,34,34,25,37,31,34,41,44,3,39,47,34,52,37,20,34.5,4,53,3,31,22,16.5,34,35,48,34,14,28,34,34,34,34,22,32.5,10,34,19,30,34,56,33,34,34,34,43,34,22,49,34,46,64,34,34
110,24,33,34,32,61,11,47,60,28,42,31,42.5,20,42,35,34,37,38,38,20,62,41,46,13,35,19,62,7,36,34,43,45,29,11,5,34,39,38,30,18,43,67,34,39,59,20,35,42,11,47,45,17,36,21,34,47,35,23,37,45,18,24,34,38,42,28,45,55,44,12,38,2,27,34,9,53,41,37,38,10,41,34,29,34,34,5,34,29,34,37,34,8,6,3,24,48,59,34,44,41,34,6,48,38,17,32,34,34,34,26,36,30,34,42,43,4,38,46,34,52,38,22,37.5,5,54,26,32,21,18,34,36,49,34,15,29,34,31,34,35,23,38,11,34,20,31,34,34,34,34,34,34,42,34,23,50,34,47,34,34,34
111,20,34,34,40,34,12,48,61,29,46,27,9,21,41,34,34,38,37,39,21,25,42,45,14,34,20,61,14,37,34,44,46,30,10,4,34,39,39,31,19,47,63,34,14,58,5,36,43,12,49,44,23,37,22,34,49,36,22,38,46,17,25,34,39,41,29,46,56,45,13,39,1,28,34,10,52,42,19,39,9,42,34,30,34,34,4,34,30,34,38,34,9,7,15,25,47,60,34,43,42,34,7,49,37,45.5,33,34,34,34,27,35,29,34,43,42,5,37,45,34,52,39,21,4,6,55,6,33,20,35,34,37,50,34,16,30,34,24,34,36,24,29,12,34,21,32,34,16,35,34,34,34,41,34,24,51,34,48,35,34,34
112,16,47,34,19,15,28,49.5,65,23,64,66,42.5,66,12,65,34,30,36,64,24,24,67,66,48,25,66,35,55,65,34,30,32,34,43,39,34,39,26,5,35,26,33,34,20,66,26,66,55,64,55,27,8,29,66,34,38,8,67,6,54,28,17,34,50,17,12,66,14,66,66,18,29,7,34,59,16,43,18,40,8,66,34,31,34,34,52,34,67,34,2,34,34,41,66.5,30,67,50,34,67,12,34,40,50,66,45.5,34,34,34,34,66.5,66,38,34,23,64.5,65,11,10,34,52,2,42,37.5,67,66.5,46,40,31,45,34,25,51,34,17,15,34,64,34,66,25,53,21,34,55,33,34,18,10,34,34,34,67,34,17,67,34,49,36,34,34
113,9,35,34,9,30,27,51,66,18,41,3,42.5,4,14,66,34,29,35,11,1,23,49,13,49,24,67,4,56,60,34,29,33,49,44,36,34,1,27,10,34,32,3,34,8,66,35,24,10,14,33,1,30,28,24,34,1,7,8,7,56,29,40,34,49,1,10,66,13,27,36,17,49,6,34,60,3,21,54,41,49,4,34,16,34,34,44,34,66,34,3,34,35,42,24,16,65,4,34,8,36,34,53,51,23,45.5,35,34,34,34,42,43,39,34,22,18,66,36,36,34,52,3,41,17,19,10,65,39,58,36,34,38,52,34,18,16,34,8,34,67,9,54,22,34,56,8,34,15,9,34,34,34,66,34,18,28.5,34,50,37,34,34
114,41,48,34,64,18,41,52,49,54,40,62,42.5,47,66,44,34,52,54,15,39,18,64,53,1,40,22,47,58,44,34,56,66,62,46,66,34,39,44,34,66,54,34,34,49,64,37,48,53,41,56,18,33,55,61,34,18,47,29,49,50,35,41,34,47,10,52,28,66,24,39,30,48,29,34,6,51,50,5,42,32,51,34,49,34,34,64,34,16,34,33,34,20,43,39,40,38,66,34,66,50,34,60,52,7,45.5,36,34,34,34,47,47,37,34,44,20,16,35,66,34,52,50,3,63,18,65,66,34,34,37,34,26,3,34,19,33,34,25,34,17,26,34,32,34,33,52,34,27,41,34,34,34,40,34,25,52,34,51,38,34,34
115,42,49,34,65,32,40,53,50,55,39,63,42.5,48,67,45,34,53,53,16,38,17,65,52,2,39,23.5,48,59,45,34,57,67,63,45,67,34,39,45,35,67,55,35,34,48,63,36,47,54,40,57,17,32,56,62,34,15,46,28,50,51,36,42,34,48,14,53,29,67,25,40,40,47,30,34,11,50,49,6,43,31,52,34,50,34,34,65,34,17,34,34,34,21,44,38,41,39,67,34,65,51,34,61,53,8,45.5,37,34,34,34,48,46,36,34,45,19,17,34,67,34,52,49,55,61.5,17,64,67,35,33,38,34,27,54,34,20,34,34,26,34,18,27,35,33,34,34,53,34,13,42,34,34,34,39,34,26,53,34,52,64,34,34
116,31,37,34,51,33,20,6,42.5,46,33,46,42.5,19,47,28,34,46,52,40,37,61,50,51,6,18,12,49,17,26,34,38,51,64,2,9,34,39,46,25,27,48,45,34,40,62,12,28,46,38,51,35,11,30,40,34,52,48,27,39.5,49,20,35,34,16,55,32,47,65,50,41,52,16,31,34,12,49,48,42,44,30,43,34,51,34,34,26,34,18,34,1,34,3.5,45,32,19,64,51,34,64,37,34,41,8,9,45.5,38,34,34,34,36,44,35,34,32,17,18,21,26,34,52,34,55,59.5,1,63,53,37,32,39,34,39,20,34,21,32,34,35,34,37,28,14,2,34,22,37,34,48,39,34,34,34,53,34,38,30,34,53,39,34,34
117,37,36,34,16,19,4,26,1,7,15,9,5,31,25,13,34,28,5,10,15,11,51,2,22,19,30,44,4,25,34,22,8,19,47,21,34,4,57,2,13,19,15,34,7,12,38,3,5,7,16,16,40,21,42,34,14,3,11,20,16,8,16,34,12,31,17,15,6,4,1,29,30,32,34,4,7,19.5,41,45,40,30,34,32,34,34,45,34,2,34,13,34,41,46,25,13,14,43,34,7,11,34,57,13.5,2,45.5,39,34,34,34,2,10,34,34,14,21,25,33,18,34,52,31,55,8,22,9,9,36,2,54,34,28,21,34,22,38,34,36,34,5,11,12,37.5,34,35,34,34,49,43,34,34,34,24,34,2,31,34,24,18,34,34
118,38,17,34,2,60,39,45,48,14,12,43,42.5,32,11,16,34,5,4,1,56,60,52,4,47,46,41,3,6,14,34,9,7,23,35,16,34,39,58,41,11,14,16,34,23,2,42,49,8,35,17,11,45,20,5,34,9,45,26,11.5,15,10,27,34,34,7,1,6,23,28,37,20,45,33,34,13,2,3,26,46,50,2,34,33,34,34,62,34,51,34,14,34,42,47,37,8,46,11,34,2,26,34,42,63,21,45.5,40,34,34,34,4,3,1,34,9,8,26,12,38,34,52,32,55,9,47,4,4,38,45,55,34,29,55,34,23,37,34,16,34,1,49,3,30,34,36,35,34,50,11,34,34,34,23,34,61,3,34,7,10,34,34
119,8,44,34,13,44,1,54,62,17,32,4,42.5,3,10,27,34,22,7,12,2,54,8,11,46,20,25,19,57,13,34,19,17,47,34,46.5,34,39,32,8,37,29,10,34,25,13,16,15,7,13,18,2,46,40,4,34,21,5,20,5,35,59,43,34,51,11,18,26,15,26,38,49,31,5,34,14,1,22,25,4,29,29,34,17,34,34,41,34,45,34,15,34,3.5,48,29,17,40,1,34,3,32,34,43,2,24,45.5,41,34,34,34,41,32,40,34,21,13,27,32,14,34,52,4,55,19,48,23,64,16,57,56,34,15,56,34,2,14,34,1,34,38,19,37,31,34,37,36,34,44,12,34,34,34,30,34,19.5,54,34,25,40,34,34
120,25,46,34,23,56,6,5,39,50,9,36,42.5,17,27,15,34,33,25,42,23,51,43,50,45,29,10,30,16,46,34,32,37,46,33,24,34,39,34,23,40,39,55,34,41,31,34,9,45,66,53,32,31,41,39,34,62,17,25,39.5,52,55,26,34,31,53,38,35,61,39,22,50,11,34,34,15,48,47,7,48,7,5,34,36,34,34,11,34,44,34,32,34,1,49,35,18,41,37,34,63,33,34,14,58,46,45.5,42,34,34,34,46,23,41,34,47,37,63,13,39,34,52,33,55,57.5,49,25,25,42,56,57,34,30,57,34,51,36,34,66,34,4,63,52,27,34,38,62,34,45,3,34,34,34,52,34,63,32,34,65,41,34,34
121,40,15,34,18,55,29,19,14,63,4,47,42.5,37,28,43,34,45,49,65,62,55,44,54,66,45,42,20,60,51,34,58,34,12,60,41,34,39,12,50,63,40,39,34,53,26,65,46,28,63,30,28,47,39,49,34,63,59,30,67,53,66,46,34,13,24,13,5,25,33,42,53,66,59,34,16,8,1,62,49,51,1,34,34,34,34,63,34,60,34,39,34,40,50,54,51,6,38,34,62,34,34,64,57,54,1.5,43,34,34,34,65,54,65,34,62,27,28,56,35,34,52,24,55,10.5,50,24,45,55,55,58,34,52,22,34,52,42,34,17,34,60,64,66,42,34,39,54,34,21,29.5,34,34,34,35,34,12,55,34,26,19,34,34
122,17,42,34,26,54,13,49.5,22,51,31,44,42.5,18,6,47,34,50,42,33,29,15,45,27,44,23,15,22,19,47,34,14,36,45,48,17,34,39,33,24,41,37,49,34,24,47,9,43,44,31,50,34,7,38,18,34,58,12,3,41,39,57,34,34,33,46,37,48,32,51,26,31,12,35,34,61,47,46,43,50,6,45,34,37,34,34,25,34,19,34,40,34,22,51,30,20,35,52,34,61,35,34,44,35.5,45,45.5,44,34,34,34,28,26,42,34,11,12,29,22,27,34,52,18.5,55,39,51,50,63,43,54,5,34,40,58,34,53,35,34,18,34,39,50,42,4,34,11.5,55,34,22,40,34,34,34,51,34,62,56,34,67,42,34,34
123,63,62,34,55,52,38,56,15,64,57,53,42.5,38,53,61,34,60,59,50,57,29,55,61,62,59,56,51,61,49,34,65,62,58.5,65,58,34,39,10,56,55,61,61,34,62,37,64,57,60,59,58,66,60,52,63,34,31,60,62,58,57,65,63,34,57,67,54,56,45,58,43,63,59,60,34,62,46,63,63,51,52,63,34,55,34,34,55,34,61,34,41,34,60,52,63,61,21,53,34,60,61,34,54,54,59,45.5,45,34,34,34,62,57,56.5,34,53,34.5,42,59.5,59,34,52,65,55,40,28,34,33.5,57,53,5,34,53,23,34,54,65,34,58,34,61,58,62,56,34,50,39,34,25,61,34,34,34,63,34,46,57,34,27,43,34,34
124,62,63,34,56,53,37,57,16,65,56,54,42.5,39,54,62,34,61,58,51,58,28,56,62,61,58,57,50,62,50,34,66,63,60,64,59,34,39,11,57,56,62,62,34,61,38,63,56,61,58,59,65,59,53,64,34,25,61,59,59,58,64,64,34,58,66,55,57,46,57,54,62,60,61,34,63,45,62,64,52,53,64,34,56,34,34,56,34,62,34,42,34,59,53,64,62,23,54,34,59,62,34,55,55,58,45.5,46,34,34,34,63,56,54.5,34,52,25.5,41,58,58,34,52,64,55,1,29,35,35,58,52,5,34,54,24,34,55,63,34,59,34,62,59,63,57,34,51,40,34,23,62,34,34,34,62,34,47,58,34,28,64,34,34
125,61,64,34,57,40,36,58,47,66,55,55,42.5,40,55,63,34,62,57,52,59,57,57,63,64,57,58,54,63,48,34,67,64,61,63,60,34,39,9,62,57,63,48,34,60,48,62,55,62,57,60,64,58,54,60,34,32,62,61,60,63,63,65,34,65,65,30,58,47,56,63,61,61,62,34,64,44,61,65,53,54,65,34,54,34,34,57,34,63,34,43,34,58,54,65,63,22,55,34,58,63,34,56,56,57,1.5,47,34,34,34,64,55,53,34,51,23.5,40,57,57,34,52,63,55,41.5,30,36,36,59,51,5,34,55,25,34,56,61,34,60,34,63,60,61,58,34,52,41,34,24,63,34,34,34,61,34,48,59,34,29,44,34,34
126,60,65,34,58,35,35,59,41,5,54,19,42.5,41,51,49,34,63,56,3,42,58,58,38,63,56,59,53,64,28,34,48,57,44,62,55,34,39,65,61,58,12,47,34,59,35,61,52,51,56,34,63,57,42,51,34,41,49,60,61,32,62,67,34,59,54,33,55,33,55,65,54,57,63,34,65,43,59,50,54,55,57,34,52,34,34,50,34,46,34,44,34,57,55,51,53,31,19,34,57,64,34,45,15,51,45.5,48,34,34,34,54,49,52,34,50,39,39,46,56,34,52,66,55,43,31,28,37,60,50,40,34,56,26,34,57,62,34,61,34,40,61,32.5,59,34,53,42,34,20,64,34,34,34,33,34,49,33,34,30,64,34,34
127,59,66,34,59,41,34,60,40,6,53,20,42.5,42,52,48,34,64,55,4,41,46,59,39,65,55,60,52,65,29,34,47,58,58.5,61,56,34,39,66,60,59,11,46,34,58,36,60,53,52,55,35,62,56,19,58,34,42,50,63,62,31,61,66,34,60,34,63,54,34,54,64,55,58,64,34,66,42,60,49,55,56,58,34,53,34,34,51,34,47,34,45,34,56,56,50,54,30,20,34,56,65,34,46,16,50,45.5,49,34,34,34,55,48,51,34,49,38,38,47,55,34,52,67,55,44,32,27,38,61,49,15,34,57,27,34,58,60,34,62,34,41,62,23,60,34,54,43,34,19,65,34,34,34,34,34,50,34,34,31,45,34,34
128,26,38,34,36,31,17,38,57,31,51,39,7,11,43,40,34,39,48,34,5,56,28,44,15,33,5,66,15,39,34,39,47,33,1,11,34,39,40,26,20,51,56,34,42,54,19,11,47,16,41,43,29,46,13,34,54,28,6,42,20,51,28,34,15,51,26,51,57,21,19,47,34,36,34,1,41,15,44,56,1,46,34,40,34,34,22,34,22,34,46,34,10,57,1,26,63,61,34,55,27,34,8,59,36,45.5,50,34,34,34,22,20,46,34,35,50,37,28,64,34,52,40,55,45,11,60,21,44,19,41,34,41,59,34,59,21,34,37,34,42,51,36,23,34,40,44,34,46,24,34,34,34,49,34,7,60,34,54,46,34,34
129,28,39,34,35,45,18,39,58,30,50,37,6,10,44,41,34,40,46,35,6,49,27,47,4,32,6,59,10,38,34,42,48,32,4,8,34,39,41,27,21,17,58,34,43,55,18,12,48,17,42,42,28,47,37,34,55,29,5,43,47,52,29,34,10,50,27,53,58,22,18,28,35,37,34,20,40,16,47,57,4,47,34,38,34,34,19,34,23,34,47,34,11,58,16,27,62,62,34,54,28,34,9,60,35,45.5,51,34,34,34,21,21,45,34,36,49,34,29,65,34,52,41,55,46,12,58,18,45,18,14,34,42,60,34,60,22,34,27,34,43,52,13,24,34,41,63,34,26,25,34,34,34,48,34,6,61,34,55,47,34,34
130,29,40,34,34,57,56,40,56,32,49,40,42.5,12,46,42,34,41,45,36,7,48,53,49,16,31,7,67,9,40,34,40,49,48,5,7,34,39,42,28,22,52,59,34,13,57,17,18,49,18,43,41,27,48,36,34,56,30,9,44,21,53,30,34,29,49,36,52,59,23,17,46,36,38,34,21,39,17,45,58,3,48,34,41,34,34,21,34,24,34,48,34,12,59,4,28,61,63,34,53,29,34,10,61,34,45.5,52,34,34,34,20,22,44,34,37,48,36,30,63,34,52,42,55,47,13,61,17,46,17,42,34,43,61,34,61,23,34,28,34,44,53,43,25,34,42,64,34,60,26,34,34,34,47,34,4,62,34,56,48,34,34
131,27,41,34,33,59,19,41,59,33,47,38,15.5,13,45,39,34,42,44,37,8,59,54,48,17,30,14,60,8,41,34,41,50,31,6,6,34,39,43,29,23,50,60,34,45,56,11,17,50,19,44,40,26,49,35,34,59,31,12,45,22,54,31,34,40,48,35,50,60,40,16,48,6,39,34,22,38,18,48,59,2,49,34,39,34,34,20,34,25,34,49,34,13,60,2,29,60,64,34,52,30,34,11,62,33,45.5,53,34,34,34,19,34,43,34,38,47,35,31,62,34,52,43,55,48,14,62,16,47,16,47,34,44,62,34,62,24,34,38,34,45,54,44,26,34,43,65,34,47,27,34,34,34,46,34,5,63,34,57,49,34,34
132,10,43,34,27,12,32,29,13,52,48,45,42.5,14,32,50,34,43,43,45,28,22,12,26,43,9,9,34,30,42,34,37,41,57,28.5,31.5,34,39,28,18,32,49,57,34,46,39,32,13,30,28,31,13,25,45,12,34,61,21,4,19,48,58,32,34,46,33,64,16,35,49,34,43,19,10,34,23,37,19.5,46,60,28,31,34,44,34,34,37,34,48,34,67,34,14,61.5,40,5,42,41,34,51,47,34,47,67,5,7.5,54,34,34,34,18,42,13.5,34,54,11,33,14,32,34,52,28,55,49,20,59,52,48,4,46,34,45,63,34,63,25,34,29,34,46,55,48,39,34,44,66,34,9,15,34,34,34,36,34,64,64,34,58,50,34,34
133,30,29,34,25,58,2,37,5,34,52,26,8,9,61,46,34,44,15,44,4,16,21,23,18,1,8,31,23,27,34,15,35,20,26,15,34,2,29,16,1,31,53,34,2,25,33,16,29,30,24,33,34,44,43,34,64,37,10,46,24,50,20,34,6,25,34,9,62,34,4,42,17,40,34,24,21,5,53,61,27,32,34,35,34,34,35,34,21,34,50,34,15,61.5,7,14,2,42,34,50,48,34,12,9,29,45.5,55,34,34,34,17,14,47,34,33,34.5,62,15,28,34,52,29,55,50,15,48,42,49,35,43,34,46,1,34,10,51,34,20,34,47,56,47,41,34,13,45,34,64,28,34,34,34,25,34,39,65,34,59,51,34,34
134,32,67,34,11,64,15,28,3,35,14,21,42.5,15,2,56,34,32,14,8,27,53,13,22,19,21,4,14,28,43,34,35,19,5,27,40,34,5,30,4,25,16,50,34,21,5,2,26,14,23,25,3,24,7,23,34,33,27,1,47,19,49,33,34,41,12,6,8,3,5,3,1,18,3,34,17,17,2,51,62,26,33,34,43,34,34,36,34,52,34,16,34,18,63,36,1,43,18,34,1,24,34,48,10,28,45.5,56,34,34,34,8,2,50,34,34,10,30,9,19,34,52,6,55,51,16,17,43,50,36,64.5,34,47,64,34,3,39,34,6.5,34,48,16,22,7,34,45,46,34,64,13,34,34,34,27,34,65,12,34,60,52,34,34
135,50,28,34,52,63,33,20,27,13,5,56,42.5,43,18,30,34,11,50,25,60,14,46,18,34,44,43,37,29,12,34,49,22,21,28.5,52,34,39,59,48,3,13,52,34,47,49,43,27,31,39,40,61,48,43,6,34,36,38,64,8,40,47,55,34,14,29,15,17,10,9,53,24,46,65,34,19,18,14,9,63,39,50,34,42,34,34,43,34,35,34,19,34,36,64,41,49,59,40,34,15,9,34,62,66,17,45.5,57,34,34,34,16,15,10,34,8,9,32,8,61,34,52,48,55,52,52,13,15,51,37,64.5,34,32,65,34,11,50,34,30,34,19,57,5,51,34,46,47,34,64,66,34,34,34,22,34,58,35,34,61,21,34,34
136,36,18,34,12,2,5,27,2,4,11,10,42.5,44,24,23,34,12,13,9,16,52,47,3,20,22,31,32,3,64,34,36,14,22,49,20,34,3,60,1,12,15,18,34,11,11,41,2,3,6,27,4,35,6,3,34,4,1,2,21,17,48,18,34,8,6,9,7,5,1,2,14,32,41,34,18,19,6,52,64,38,34,34,3,34,34,46,34,3,34,17,34,37,65,33,6,15,39,34,16,25,34,58,11,1,45.5,58,34,34,34,3,9,49,34,13,25.5,31,27,17,34,52,30,55,20.5,53,11,44,52,3,64.5,34,16,28,34,4.5,40,34,19,34,49,17,11,40,34,47,48,34,64,14,34,34,34,28,34,1,2,34,8,53,34,34
137,51,45,34,17,66,31,67,67,53,67,67,42.5,45,60,64,34,51,67,67,61,67,66,67,67,43,65,33,67,67,34,31,52,42,67,53,34,39,61,67,64,56,17,34,63,66,67,67,67,65,65,67,67,50,67,34,65,67,66,48,55,60,47,34,64,64,67,66,64,67,67,45,67,67,34,67,20,45,67,65,57,67,34,67,34,34,66,34,65,34,20,34,38,66,66.5,50,66,65,34,49,46,34,67,65,67,45.5,59,34,34,34,66.5,67,66,34,48,66.5,67,55,60,34,52,53,55,53,54,66.5,62,54,48,64.5,34,58,66,34,65,41,34,67,34,65,67,67,35,34,48,49,34,64,29.5,34,34,34,65,34,67,66,34,62,64,34,34
138,56,50,34,67,66,30,3,51,67,66,52,42.5,46,64,67,34,67,51,66,67,40,48,65,52,42,64,36,66,66,34,60,53,67,66,22,34,39,4,52,65,64,51,34,64,51,66,65,66,54,66,60,66,51,65,34,66,58,65,63,67,67,45,34,66,47,65,49,28,65,55,64,62,66,34,26,36,44,66,66,67,44,34,57,34,34,49,34,64,34,35,34,39,1.5,55,67,10,35,34,48,66,34,66,12,65,45.5,60,34,34,34,56,62,67,34,63,23.5,61,67,54,34,52,54,55,54,55,26,61,56,47,64.5,34,59,4,34,66,67,34,3.5,34,64,65,64,55,34,49,51,34,64,67,34,34,34,64,34,11,36,34,63,20,34,34
139,14,19,34,10,66,16,21,19,36,10,5,42.5,16,26,14,34,31,66,43,22,66,14,24,21,8,11,29,22,30,34,7,4,43,3,10,34,39,31,7,38,38,54,34,3,4,10,14,32,67,26,39,65,25,38,34,67,11,21,4,14,56,19,34,32,52,66,27,63,35,21,51,33,4,34,25,22,4,8,67,5,6,34,45,34,34,10,34,20,34,18,34,2,67,31,7,16,36,34,17,31,34,13,64,47,45.5,61,34,34,34,45,6,48,34,12,36,64,10,40,34,52,5,55,55,21,18,41,53,46,64.5,34,31,67,34,67,31,34,65,34,20,66,45,29,34,11.5,50,34,64,4,34,34,34,29,34,66,11,34,64,13,34,34
